{"Version":1,"ManifestType":"Publish","Endpoints":[{"Route":"uploads/foodtrucks/.gitkeep","AssetFile":"uploads/foodtrucks/.gitkeep","Selectors":[],"ResponseHeaders":[{"Name":"Accept-Ranges","Value":"bytes"},{"Name":"Cache-Control","Value":"no-cache"},{"Name":"Content-Length","Value":"53"},{"Name":"Content-Type","Value":"application/octet-stream"},{"Name":"ETag","Value":"\"kwFFs/DwjjeuWdfZWRYieTdhitADzN9SqT3D1t6FE88=\""},{"Name":"Last-Modified","Value":"Fri, 26 Sep 2025 11:49:08 GMT"}],"EndpointProperties":[{"Name":"integrity","Value":"sha256-kwFFs/DwjjeuWdfZWRYieTdhitADzN9SqT3D1t6FE88="}]},{"Route":"uploads/foodtrucks/.hv0c7i0u8z.gitkeep","AssetFile":"uploads/foodtrucks/.gitkeep","Selectors":[],"ResponseHeaders":[{"Name":"Accept-Ranges","Value":"bytes"},{"Name":"Cache-Control","Value":"max-age=31536000, immutable"},{"Name":"Content-Length","Value":"53"},{"Name":"Content-Type","Value":"application/octet-stream"},{"Name":"ETag","Value":"\"kwFFs/DwjjeuWdfZWRYieTdhitADzN9SqT3D1t6FE88=\""},{"Name":"Last-Modified","Value":"Fri, 26 Sep 2025 11:49:08 GMT"}],"EndpointProperties":[{"Name":"fingerprint","Value":"hv0c7i0u8z"},{"Name":"integrity","Value":"sha256-kwFFs/DwjjeuWdfZWRYieTdhitADzN9SqT3D1t6FE88="},{"Name":"label","Value":"uploads/foodtrucks/.gitkeep"}]},{"Route":"uploads/foodtrucks/60f1e863-f5be-4eea-838b-02e8cc42748e.h73eqm379q.jpg","AssetFile":"uploads/foodtrucks/60f1e863-f5be-4eea-838b-02e8cc42748e.jpg","Selectors":[],"ResponseHeaders":[{"Name":"Accept-Ranges","Value":"bytes"},{"Name":"Cache-Control","Value":"max-age=31536000, immutable"},{"Name":"Content-Length","Value":"586705"},{"Name":"Content-Type","Value":"image/jpeg"},{"Name":"ETag","Value":"\"Q5Y/WYHZnQjBIJlx5i0verlXAHWf7WbezdRRVs6Y46k=\""},{"Name":"Last-Modified","Value":"Mon, 06 Oct 2025 00:22:14 GMT"}],"EndpointProperties":[{"Name":"fingerprint","Value":"h73eqm379q"},{"Name":"integrity","Value":"sha256-Q5Y/WYHZnQjBIJlx5i0verlXAHWf7WbezdRRVs6Y46k="},{"Name":"label","Value":"uploads/foodtrucks/60f1e863-f5be-4eea-838b-02e8cc42748e.jpg"}]},{"Route":"uploads/foodtrucks/60f1e863-f5be-4eea-838b-02e8cc42748e.jpg","AssetFile":"uploads/foodtrucks/60f1e863-f5be-4eea-838b-02e8cc42748e.jpg","Selectors":[],"ResponseHeaders":[{"Name":"Accept-Ranges","Value":"bytes"},{"Name":"Cache-Control","Value":"no-cache"},{"Name":"Content-Length","Value":"586705"},{"Name":"Content-Type","Value":"image/jpeg"},{"Name":"ETag","Value":"\"Q5Y/WYHZnQjBIJlx5i0verlXAHWf7WbezdRRVs6Y46k=\""},{"Name":"Last-Modified","Value":"Mon, 06 Oct 2025 00:22:14 GMT"}],"EndpointProperties":[{"Name":"integrity","Value":"sha256-Q5Y/WYHZnQjBIJlx5i0verlXAHWf7WbezdRRVs6Y46k="}]},{"Route":"uploads/foodtrucks/640c6a00-f4d3-4244-8364-fafad514f6bc.jpg","AssetFile":"uploads/foodtrucks/640c6a00-f4d3-4244-8364-fafad514f6bc.jpg","Selectors":[],"ResponseHeaders":[{"Name":"Accept-Ranges","Value":"bytes"},{"Name":"Cache-Control","Value":"no-cache"},{"Name":"Content-Length","Value":"11928499"},{"Name":"Content-Type","Value":"image/jpeg"},{"Name":"ETag","Value":"\"35BJgLnxioC6fbd9uNXzvbbzAAqkgGY06loyyeIPcDg=\""},{"Name":"Last-Modified","Value":"Fri, 26 Sep 2025 12:42:23 GMT"}],"EndpointProperties":[{"Name":"integrity","Value":"sha256-35BJgLnxioC6fbd9uNXzvbbzAAqkgGY06loyyeIPcDg="}]},{"Route":"uploads/foodtrucks/640c6a00-f4d3-4244-8364-fafad514f6bc.pmzrel4gwv.jpg","AssetFile":"uploads/foodtrucks/640c6a00-f4d3-4244-8364-fafad514f6bc.jpg","Selectors":[],"ResponseHeaders":[{"Name":"Accept-Ranges","Value":"bytes"},{"Name":"Cache-Control","Value":"max-age=31536000, immutable"},{"Name":"Content-Length","Value":"11928499"},{"Name":"Content-Type","Value":"image/jpeg"},{"Name":"ETag","Value":"\"35BJgLnxioC6fbd9uNXzvbbzAAqkgGY06loyyeIPcDg=\""},{"Name":"Last-Modified","Value":"Fri, 26 Sep 2025 12:42:23 GMT"}],"EndpointProperties":[{"Name":"fingerprint","Value":"pmzrel4gwv"},{"Name":"integrity","Value":"sha256-35BJgLnxioC6fbd9uNXzvbbzAAqkgGY06loyyeIPcDg="},{"Name":"label","Value":"uploads/foodtrucks/640c6a00-f4d3-4244-8364-fafad514f6bc.jpg"}]},{"Route":"uploads/foodtrucks/test.j7krww9d4a.txt","AssetFile":"uploads/foodtrucks/test.txt.gz","Selectors":[{"Name":"Content-Encoding","Value":"gzip","Quality":"0.025641025641"}],"ResponseHeaders":[{"Name":"Accept-Ranges","Value":"bytes"},{"Name":"Cache-Control","Value":"max-age=31536000, immutable"},{"Name":"Content-Encoding","Value":"gzip"},{"Name":"Content-Length","Value":"38"},{"Name":"Content-Type","Value":"text/plain"},{"Name":"ETag","Value":"\"OOpyZtH2fPfKSDFrV7UEsapGzNFckPKe1KN0TNdXV6Y=\""},{"Name":"ETag","Value":"W/\"Dw/59faU6ZQ3SzfufMkvW8GSkvj05efEnaP2SkEcTSU=\""},{"Name":"Last-Modified","Value":"Thu, 23 Oct 2025 16:35:13 GMT"},{"Name":"Vary","Value":"Content-Encoding"}],"EndpointProperties":[{"Name":"fingerprint","Value":"j7krww9d4a"},{"Name":"integrity","Value":"sha256-Dw/59faU6ZQ3SzfufMkvW8GSkvj05efEnaP2SkEcTSU="},{"Name":"label","Value":"uploads/foodtrucks/test.txt"}]},{"Route":"uploads/foodtrucks/test.j7krww9d4a.txt","AssetFile":"uploads/foodtrucks/test.txt.br","Selectors":[{"Name":"Content-Encoding","Value":"br","Quality":"0.055555555556"}],"ResponseHeaders":[{"Name":"Accept-Ranges","Value":"bytes"},{"Name":"Cache-Control","Value":"max-age=31536000, immutable"},{"Name":"Content-Encoding","Value":"br"},{"Name":"Content-Length","Value":"17"},{"Name":"Content-Type","Value":"text/plain"},{"Name":"ETag","Value":"\"bLfVKCSkUCCbMKJo3x+1yZQ1SzFZLH/jlisVfBoH+cM=\""},{"Name":"ETag","Value":"W/\"Dw/59faU6ZQ3SzfufMkvW8GSkvj05efEnaP2SkEcTSU=\""},{"Name":"Last-Modified","Value":"Thu, 23 Oct 2025 16:35:16 GMT"},{"Name":"Vary","Value":"Content-Encoding"}],"EndpointProperties":[{"Name":"fingerprint","Value":"j7krww9d4a"},{"Name":"integrity","Value":"sha256-Dw/59faU6ZQ3SzfufMkvW8GSkvj05efEnaP2SkEcTSU="},{"Name":"label","Value":"uploads/foodtrucks/test.txt"}]},{"Route":"uploads/foodtrucks/test.j7krww9d4a.txt","AssetFile":"uploads/foodtrucks/test.txt","Selectors":[],"ResponseHeaders":[{"Name":"Accept-Ranges","Value":"bytes"},{"Name":"Cache-Control","Value":"max-age=31536000, immutable"},{"Name":"Content-Length","Value":"18"},{"Name":"Content-Type","Value":"text/plain"},{"Name":"ETag","Value":"\"Dw/59faU6ZQ3SzfufMkvW8GSkvj05efEnaP2SkEcTSU=\""},{"Name":"Last-Modified","Value":"Fri, 26 Sep 2025 12:17:59 GMT"}],"EndpointProperties":[{"Name":"fingerprint","Value":"j7krww9d4a"},{"Name":"integrity","Value":"sha256-Dw/59faU6ZQ3SzfufMkvW8GSkvj05efEnaP2SkEcTSU="},{"Name":"label","Value":"uploads/foodtrucks/test.txt"}]},{"Route":"uploads/foodtrucks/test.j7krww9d4a.txt.br","AssetFile":"uploads/foodtrucks/test.txt.br","Selectors":[],"ResponseHeaders":[{"Name":"Accept-Ranges","Value":"bytes"},{"Name":"Cache-Control","Value":"max-age=31536000, immutable"},{"Name":"Content-Encoding","Value":"br"},{"Name":"Content-Length","Value":"17"},{"Name":"Content-Type","Value":"text/plain"},{"Name":"ETag","Value":"\"bLfVKCSkUCCbMKJo3x+1yZQ1SzFZLH/jlisVfBoH+cM=\""},{"Name":"Last-Modified","Value":"Thu, 23 Oct 2025 16:35:16 GMT"},{"Name":"Vary","Value":"Content-Encoding"}],"EndpointProperties":[{"Name":"fingerprint","Value":"j7krww9d4a"},{"Name":"integrity","Value":"sha256-bLfVKCSkUCCbMKJo3x+1yZQ1SzFZLH/jlisVfBoH+cM="},{"Name":"label","Value":"uploads/foodtrucks/test.txt.br"}]},{"Route":"uploads/foodtrucks/test.j7krww9d4a.txt.gz","AssetFile":"uploads/foodtrucks/test.txt.gz","Selectors":[],"ResponseHeaders":[{"Name":"Accept-Ranges","Value":"bytes"},{"Name":"Cache-Control","Value":"max-age=31536000, immutable"},{"Name":"Content-Encoding","Value":"gzip"},{"Name":"Content-Length","Value":"38"},{"Name":"Content-Type","Value":"text/plain"},{"Name":"ETag","Value":"\"OOpyZtH2fPfKSDFrV7UEsapGzNFckPKe1KN0TNdXV6Y=\""},{"Name":"Last-Modified","Value":"Thu, 23 Oct 2025 16:35:13 GMT"},{"Name":"Vary","Value":"Content-Encoding"}],"EndpointProperties":[{"Name":"fingerprint","Value":"j7krww9d4a"},{"Name":"integrity","Value":"sha256-OOpyZtH2fPfKSDFrV7UEsapGzNFckPKe1KN0TNdXV6Y="},{"Name":"label","Value":"uploads/foodtrucks/test.txt.gz"}]},{"Route":"uploads/foodtrucks/test.txt","AssetFile":"uploads/foodtrucks/test.txt.gz","Selectors":[{"Name":"Content-Encoding","Value":"gzip","Quality":"0.025641025641"}],"ResponseHeaders":[{"Name":"Accept-Ranges","Value":"bytes"},{"Name":"Cache-Control","Value":"no-cache"},{"Name":"Content-Encoding","Value":"gzip"},{"Name":"Content-Length","Value":"38"},{"Name":"Content-Type","Value":"text/plain"},{"Name":"ETag","Value":"\"OOpyZtH2fPfKSDFrV7UEsapGzNFckPKe1KN0TNdXV6Y=\""},{"Name":"ETag","Value":"W/\"Dw/59faU6ZQ3SzfufMkvW8GSkvj05efEnaP2SkEcTSU=\""},{"Name":"Last-Modified","Value":"Thu, 23 Oct 2025 16:35:13 GMT"},{"Name":"Vary","Value":"Content-Encoding"}],"EndpointProperties":[{"Name":"integrity","Value":"sha256-Dw/59faU6ZQ3SzfufMkvW8GSkvj05efEnaP2SkEcTSU="}]},{"Route":"uploads/foodtrucks/test.txt","AssetFile":"uploads/foodtrucks/test.txt.br","Selectors":[{"Name":"Content-Encoding","Value":"br","Quality":"0.055555555556"}],"ResponseHeaders":[{"Name":"Accept-Ranges","Value":"bytes"},{"Name":"Cache-Control","Value":"no-cache"},{"Name":"Content-Encoding","Value":"br"},{"Name":"Content-Length","Value":"17"},{"Name":"Content-Type","Value":"text/plain"},{"Name":"ETag","Value":"\"bLfVKCSkUCCbMKJo3x+1yZQ1SzFZLH/jlisVfBoH+cM=\""},{"Name":"ETag","Value":"W/\"Dw/59faU6ZQ3SzfufMkvW8GSkvj05efEnaP2SkEcTSU=\""},{"Name":"Last-Modified","Value":"Thu, 23 Oct 2025 16:35:16 GMT"},{"Name":"Vary","Value":"Content-Encoding"}],"EndpointProperties":[{"Name":"integrity","Value":"sha256-Dw/59faU6ZQ3SzfufMkvW8GSkvj05efEnaP2SkEcTSU="}]},{"Route":"uploads/foodtrucks/test.txt","AssetFile":"uploads/foodtrucks/test.txt","Selectors":[],"ResponseHeaders":[{"Name":"Accept-Ranges","Value":"bytes"},{"Name":"Cache-Control","Value":"no-cache"},{"Name":"Content-Length","Value":"18"},{"Name":"Content-Type","Value":"text/plain"},{"Name":"ETag","Value":"\"Dw/59faU6ZQ3SzfufMkvW8GSkvj05efEnaP2SkEcTSU=\""},{"Name":"Last-Modified","Value":"Fri, 26 Sep 2025 12:17:59 GMT"}],"EndpointProperties":[{"Name":"integrity","Value":"sha256-Dw/59faU6ZQ3SzfufMkvW8GSkvj05efEnaP2SkEcTSU="}]},{"Route":"uploads/foodtrucks/test.txt.br","AssetFile":"uploads/foodtrucks/test.txt.br","Selectors":[],"ResponseHeaders":[{"Name":"Accept-Ranges","Value":"bytes"},{"Name":"Cache-Control","Value":"no-cache"},{"Name":"Content-Encoding","Value":"br"},{"Name":"Content-Length","Value":"17"},{"Name":"Content-Type","Value":"text/plain"},{"Name":"ETag","Value":"\"bLfVKCSkUCCbMKJo3x+1yZQ1SzFZLH/jlisVfBoH+cM=\""},{"Name":"Last-Modified","Value":"Thu, 23 Oct 2025 16:35:16 GMT"},{"Name":"Vary","Value":"Content-Encoding"}],"EndpointProperties":[{"Name":"integrity","Value":"sha256-bLfVKCSkUCCbMKJo3x+1yZQ1SzFZLH/jlisVfBoH+cM="}]},{"Route":"uploads/foodtrucks/test.txt.gz","AssetFile":"uploads/foodtrucks/test.txt.gz","Selectors":[],"ResponseHeaders":[{"Name":"Accept-Ranges","Value":"bytes"},{"Name":"Cache-Control","Value":"no-cache"},{"Name":"Content-Encoding","Value":"gzip"},{"Name":"Content-Length","Value":"38"},{"Name":"Content-Type","Value":"text/plain"},{"Name":"ETag","Value":"\"OOpyZtH2fPfKSDFrV7UEsapGzNFckPKe1KN0TNdXV6Y=\""},{"Name":"Last-Modified","Value":"Thu, 23 Oct 2025 16:35:13 GMT"},{"Name":"Vary","Value":"Content-Encoding"}],"EndpointProperties":[{"Name":"integrity","Value":"sha256-OOpyZtH2fPfKSDFrV7UEsapGzNFckPKe1KN0TNdXV6Y="}]}]}